timestamp,source_ip,username,status
2026-06-10T08:00:00,198.51.100.0,user0,FAILURE
2026-06-10T08:00:01,198.51.100.1,user1,SUCCESS
2026-06-10T08:00:02,198.51.100.2,user2,FAILURE
2026-06-10T08:00:03,198.51.100.3,user3,FAILURE
2026-06-10T08:00:04,198.51.100.4,user4,SUCCESS
2026-06-10T08:00:05,198.51.100.5,user5,FAILURE
2026-06-10T08:00:06,198.51.100.6,user6,FAILURE
2026-06-10T08:00:07,198.51.100.7,user7,FAILURE
2026-06-10T08:00:08,198.51.100.8,user8,SUCCESS
2026-06-10T08:00:09,198.51.100.9,user9,SUCCESS
2026-06-10T08:00:10,198.51.100.10,user10,FAILURE
2026-06-10T08:00:11,198.51.100.11,user11,SUCCESS
2026-06-10T08:00:12,198.51.100.12,user12,FAILURE
2026-06-10T08:00:13,198.51.100.13,user13,FAILURE
2026-06-10T08:00:14,198.51.100.14,user14,SUCCESS
2026-06-10T08:00:15,198.51.100.15,user15,FAILURE
2026-06-10T08:00:16,198.51.100.16,user16,FAILURE
2026-06-10T08:00:17,198.51.100.17,user17,FAILURE
2026-06-10T08:00:18,198.51.100.18,user18,SUCCESS
2026-06-10T08:00:19,198.51.100.19,user19,FAILURE
2026-06-10T08:00:20,198.51.100.0,user20,FAILURE
2026-06-10T08:00:21,198.51.100.1,user21,SUCCESS
2026-06-10T08:00:22,198.51.100.2,user22,SUCCESS
2026-06-10T08:00:23,198.51.100.3,user23,SUCCESS
2026-06-10T08:00:24,198.51.100.4,user24,SUCCESS
2026-06-10T08:00:25,198.51.100.5,user25,SUCCESS
2026-06-10T08:00:26,198.51.100.6,user26,SUCCESS
2026-06-10T08:00:27,198.51.100.7,user27,SUCCESS
2026-06-10T08:00:28,198.51.100.8,user28,FAILURE
2026-06-10T08:00:29,198.51.100.9,user29,FAILURE
2026-06-10T08:00:30,198.51.100.10,user30,FAILURE
2026-06-10T08:00:31,198.51.100.11,user31,SUCCESS
2026-06-10T08:00:32,198.51.100.12,user32,FAILURE
2026-06-10T08:00:33,198.51.100.13,user33,SUCCESS
2026-06-10T08:00:34,198.51.100.14,user34,FAILURE
2026-06-10T08:00:35,198.51.100.15,user35,SUCCESS
2026-06-10T08:00:36,198.51.100.16,user36,FAILURE
2026-06-10T08:00:37,198.51.100.17,user37,FAILURE
2026-06-10T08:00:38,198.51.100.18,user38,FAILURE
2026-06-10T08:00:39,198.51.100.19,user39,FAILURE
2026-06-10T08:00:40,198.51.100.0,user40,FAILURE
2026-06-10T08:00:41,198.51.100.1,user41,SUCCESS
2026-06-10T08:00:42,198.51.100.2,user42,SUCCESS
2026-06-10T08:00:43,198.51.100.3,user43,SUCCESS
2026-06-10T08:00:44,198.51.100.4,user44,SUCCESS
2026-06-10T08:00:45,198.51.100.5,user45,FAILURE
2026-06-10T08:00:46,198.51.100.6,user46,FAILURE
2026-06-10T08:00:47,198.51.100.7,user47,SUCCESS
2026-06-10T08:00:48,198.51.100.8,user48,SUCCESS
2026-06-10T08:00:49,198.51.100.9,user49,FAILURE
2026-06-10T08:00:50,198.51.100.10,user0,FAILURE
2026-06-10T08:00:51,198.51.100.11,user1,FAILURE
2026-06-10T08:00:52,198.51.100.12,user2,SUCCESS
2026-06-10T08:00:53,198.51.100.13,user3,SUCCESS
2026-06-10T08:00:54,198.51.100.14,user4,SUCCESS
2026-06-10T08:00:55,198.51.100.15,user5,FAILURE
2026-06-10T08:00:56,198.51.100.16,user6,FAILURE
2026-06-10T08:00:57,198.51.100.17,user7,SUCCESS
2026-06-10T08:00:58,198.51.100.18,user8,SUCCESS
2026-06-10T08:00:59,198.51.100.19,user9,SUCCESS
2026-06-10T08:01:00,198.51.100.0,user10,FAILURE
2026-06-10T08:01:01,198.51.100.1,user11,FAILURE
2026-06-10T08:01:02,198.51.100.2,user12,FAILURE
2026-06-10T08:01:03,198.51.100.3,user13,FAILURE
2026-06-10T08:01:04,198.51.100.4,user14,FAILURE
2026-06-10T08:01:05,198.51.100.5,user15,SUCCESS
2026-06-10T08:01:06,198.51.100.6,user16,SUCCESS
2026-06-10T08:01:07,198.51.100.7,user17,SUCCESS
2026-06-10T08:01:08,198.51.100.8,user18,FAILURE
2026-06-10T08:01:09,198.51.100.9,user19,SUCCESS
2026-06-10T08:01:10,198.51.100.10,user20,FAILURE
2026-06-10T08:01:11,198.51.100.11,user21,FAILURE
2026-06-10T08:01:12,198.51.100.12,user22,SUCCESS
2026-06-10T08:01:13,198.51.100.13,user23,SUCCESS
2026-06-10T08:01:14,198.51.100.14,user24,SUCCESS
2026-06-10T08:01:15,198.51.100.15,user25,SUCCESS
2026-06-10T08:01:16,198.51.100.16,user26,FAILURE
2026-06-10T08:01:17,198.51.100.17,user27,SUCCESS
2026-06-10T08:01:18,198.51.100.18,user28,FAILURE
2026-06-10T08:01:19,198.51.100.19,user29,FAILURE
2026-06-10T08:01:20,198.51.100.0,user30,SUCCESS
2026-06-10T08:01:21,198.51.100.1,user31,FAILURE
2026-06-10T08:01:22,198.51.100.2,user32,FAILURE
2026-06-10T08:01:23,198.51.100.3,user33,FAILURE
2026-06-10T08:01:24,198.51.100.4,user34,SUCCESS
2026-06-10T08:01:25,198.51.100.5,user35,FAILURE
2026-06-10T08:01:26,198.51.100.6,user36,SUCCESS
2026-06-10T08:01:27,198.51.100.7,user37,FAILURE
2026-06-10T08:01:28,198.51.100.8,user38,SUCCESS
2026-06-10T08:01:29,198.51.100.9,user39,FAILURE
2026-06-10T08:01:30,198.51.100.10,user40,SUCCESS
2026-06-10T08:01:31,198.51.100.11,user41,FAILURE
2026-06-10T08:01:32,198.51.100.12,user42,SUCCESS
2026-06-10T08:01:33,198.51.100.13,user43,FAILURE
2026-06-10T08:01:34,198.51.100.14,user44,FAILURE
2026-06-10T08:01:35,198.51.100.15,user45,FAILURE
2026-06-10T08:01:36,198.51.100.16,user46,FAILURE
2026-06-10T08:01:37,198.51.100.17,user47,SUCCESS
2026-06-10T08:01:38,198.51.100.18,user48,FAILURE
2026-06-10T08:01:39,198.51.100.19,user49,SUCCESS
2026-06-10T08:01:40,198.51.100.0,user0,FAILURE
2026-06-10T08:01:41,198.51.100.1,user1,FAILURE
2026-06-10T08:01:42,198.51.100.2,user2,FAILURE
2026-06-10T08:01:43,198.51.100.3,user3,FAILURE
2026-06-10T08:01:44,198.51.100.4,user4,FAILURE
2026-06-10T08:01:45,198.51.100.5,user5,FAILURE
2026-06-10T08:01:46,198.51.100.6,user6,SUCCESS
2026-06-10T08:01:47,198.51.100.7,user7,SUCCESS
2026-06-10T08:01:48,198.51.100.8,user8,SUCCESS
2026-06-10T08:01:49,198.51.100.9,user9,SUCCESS
2026-06-10T08:01:50,198.51.100.10,user10,SUCCESS
2026-06-10T08:01:51,198.51.100.11,user11,SUCCESS
2026-06-10T08:01:52,198.51.100.12,user12,SUCCESS
2026-06-10T08:01:53,198.51.100.13,user13,SUCCESS
2026-06-10T08:01:54,198.51.100.14,user14,SUCCESS
2026-06-10T08:01:55,198.51.100.15,user15,FAILURE
2026-06-10T08:01:56,198.51.100.16,user16,FAILURE
2026-06-10T08:01:57,198.51.100.17,user17,SUCCESS
2026-06-10T08:01:58,198.51.100.18,user18,SUCCESS
2026-06-10T08:01:59,198.51.100.19,user19,SUCCESS
2026-06-10T08:02:00,198.51.100.0,user20,FAILURE
2026-06-10T08:02:01,198.51.100.1,user21,SUCCESS
2026-06-10T08:02:02,198.51.100.2,user22,SUCCESS
2026-06-10T08:02:03,198.51.100.3,user23,FAILURE
2026-06-10T08:02:04,198.51.100.4,user24,SUCCESS
2026-06-10T08:02:05,198.51.100.5,user25,SUCCESS
2026-06-10T08:02:06,198.51.100.6,user26,FAILURE
2026-06-10T08:02:07,198.51.100.7,user27,FAILURE
2026-06-10T08:02:08,198.51.100.8,user28,FAILURE
2026-06-10T08:02:09,198.51.100.9,user29,SUCCESS
2026-06-10T08:02:10,198.51.100.10,user30,FAILURE
2026-06-10T08:02:11,198.51.100.11,user31,SUCCESS
2026-06-10T08:02:12,198.51.100.12,user32,SUCCESS
2026-06-10T08:02:13,198.51.100.13,user33,FAILURE
2026-06-10T08:02:14,198.51.100.14,user34,FAILURE
2026-06-10T08:02:15,198.51.100.15,user35,FAILURE
2026-06-10T08:02:16,198.51.100.16,user36,FAILURE
2026-06-10T08:02:17,198.51.100.17,user37,FAILURE
2026-06-10T08:02:18,198.51.100.18,user38,SUCCESS
2026-06-10T08:02:19,198.51.100.19,user39,SUCCESS
2026-06-10T08:02:20,198.51.100.0,user40,SUCCESS
2026-06-10T08:02:21,198.51.100.1,user41,SUCCESS
2026-06-10T08:02:22,198.51.100.2,user42,SUCCESS
2026-06-10T08:02:23,198.51.100.3,user43,SUCCESS
2026-06-10T08:02:24,198.51.100.4,user44,SUCCESS
2026-06-10T08:02:25,198.51.100.5,user45,SUCCESS
2026-06-10T08:02:26,198.51.100.6,user46,FAILURE
2026-06-10T08:02:27,198.51.100.7,user47,SUCCESS
2026-06-10T08:02:28,198.51.100.8,user48,FAILURE
2026-06-10T08:02:29,198.51.100.9,user49,FAILURE
2026-06-10T08:02:30,198.51.100.10,user0,FAILURE
2026-06-10T08:02:31,198.51.100.11,user1,FAILURE
2026-06-10T08:02:32,198.51.100.12,user2,SUCCESS
2026-06-10T08:02:33,198.51.100.13,user3,SUCCESS
2026-06-10T08:02:34,198.51.100.14,user4,FAILURE
2026-06-10T08:02:35,198.51.100.15,user5,SUCCESS
2026-06-10T08:02:36,198.51.100.16,user6,FAILURE
2026-06-10T08:02:37,198.51.100.17,user7,SUCCESS
2026-06-10T08:02:38,198.51.100.18,user8,FAILURE
2026-06-10T08:02:39,198.51.100.19,user9,FAILURE
2026-06-10T08:02:40,198.51.100.0,user10,SUCCESS
2026-06-10T08:02:41,198.51.100.1,user11,SUCCESS
2026-06-10T08:02:42,198.51.100.2,user12,SUCCESS
2026-06-10T08:02:43,198.51.100.3,user13,FAILURE
2026-06-10T08:02:44,198.51.100.4,user14,FAILURE
2026-06-10T08:02:45,198.51.100.5,user15,SUCCESS
2026-06-10T08:02:46,198.51.100.6,user16,SUCCESS
2026-06-10T08:02:47,198.51.100.7,user17,SUCCESS
2026-06-10T08:02:48,198.51.100.8,user18,FAILURE
2026-06-10T08:02:49,198.51.100.9,user19,FAILURE
2026-06-10T08:02:50,198.51.100.10,user20,SUCCESS
2026-06-10T08:02:51,198.51.100.11,user21,FAILURE
2026-06-10T08:02:52,198.51.100.12,user22,FAILURE
2026-06-10T08:02:53,198.51.100.13,user23,FAILURE
2026-06-10T08:02:54,198.51.100.14,user24,FAILURE
2026-06-10T08:02:55,198.51.100.15,user25,SUCCESS
2026-06-10T08:02:56,198.51.100.16,user26,SUCCESS
2026-06-10T08:02:57,198.51.100.17,user27,FAILURE
2026-06-10T08:02:58,198.51.100.18,user28,FAILURE
2026-06-10T08:02:59,198.51.100.19,user29,SUCCESS
2026-06-10T08:03:00,198.51.100.0,user30,SUCCESS
2026-06-10T08:03:01,198.51.100.1,user31,FAILURE
2026-06-10T08:03:02,198.51.100.2,user32,FAILURE
2026-06-10T08:03:03,198.51.100.3,user33,SUCCESS
2026-06-10T08:03:04,198.51.100.4,user34,FAILURE
2026-06-10T08:03:05,198.51.100.5,user35,FAILURE
2026-06-10T08:03:06,198.51.100.6,user36,SUCCESS
2026-06-10T08:03:07,198.51.100.7,user37,FAILURE
2026-06-10T08:03:08,198.51.100.8,user38,SUCCESS
2026-06-10T08:03:09,198.51.100.9,user39,FAILURE
2026-06-10T08:03:10,198.51.100.10,user40,SUCCESS
2026-06-10T08:03:11,198.51.100.11,user41,SUCCESS
2026-06-10T08:03:12,198.51.100.12,user42,SUCCESS
2026-06-10T08:03:13,198.51.100.13,user43,FAILURE
2026-06-10T08:03:14,198.51.100.14,user44,FAILURE
2026-06-10T08:03:15,198.51.100.15,user45,SUCCESS
2026-06-10T08:03:16,198.51.100.16,user46,FAILURE
2026-06-10T08:03:17,198.51.100.17,user47,SUCCESS
2026-06-10T08:03:18,198.51.100.18,user48,SUCCESS
2026-06-10T08:03:19,198.51.100.19,user49,SUCCESS
